"","AGBN","seed","seedrich","type","time"
"1",133.8563069096,0,0,"SF","first"
"2",80.9899175041552,4074.97552,3,"SF","first"
"3",52.1207513076963,0,0,"SF","first"
"4",165.844673198055,4074.97552,2,"SF","first"
"5",98.067582683998,4445.42784,2,"SF","first"
"6",99.1843684322744,2037.48776,2,"SF","first"
"7",135.721045004876,0,0,"SF","first"
"8",43.93899592105,555.67848,2,"SF","first"
"9",56.2631548324973,1667.03544,2,"SF","first"
"10",41.5483532320298,5001.10632,4,"SF","first"
"11",192.026850964873,0,0,"SF","first"
"12",81.9585094128932,0,0,"SF","first"
"13",80.1974047885461,0,0,"SF","first"
"14",126.291031552007,6482.9156,4,"SF","first"
"15",187.391199480926,185.22616,1,"SF","first"
"16",37.438584948583,0,0,"SF","first"
"17",77.0516729931216,6112.46328,4,"SF","first"
"18",118.714410420258,29636.1856,3,"SF","first"
"19",91.4547347592436,2037.48776,2,"SF","first"
"20",104.159405448426,2778.3924,3,"SF","first"
"21",68.213235931213,0,0,"SF","first"
"22",7.42300091994588,0,0,"SF","first"
"23",113.26800518431,7409.0464,4,"SF","first"
"24",77.3280221331392,5371.55864,2,"SF","first"
"25",91.2514440239879,0,0,"SF","first"
"26",15.7330661460572,0,0,"SF","first"
"27",54.7546450500352,0,0,"SF","first"
"28",32.5133047630577,18152.16368,6,"SF","first"
"29",20.1053646561611,0,0,"SF","first"
"30",29.1973037904288,0,0,"SF","first"
"31",73.6737164663308,0,0,"SF","first"
"32",36.6555055745257,0,0,"SF","first"
"33",90.940196872121,0,0,"SF","first"
"34",311.59355512208,0,0,"SF","first"
"35",22.2311250659521,0,0,"SF","first"
"36",70.5602768455206,0,0,"SF","first"
"37",50.3635870157198,0,0,"SF","first"
"38",60.7285968288634,4630.654,3,"SF","first"
"39",123.968490036551,2407.94008,1,"SF","first"
"40",22.6123787768957,0,0,"SF","first"
"41",113.599909259315,0,0,"SF","first"
"42",122.557170898162,6853.36792,2,"SF","first"
"43",157.222003560948,0,0,"SF","first"
"44",81.0767608852023,5556.7848,3,"SF","first"
"45",81.5493566989255,0,0,"SF","first"
"46",40.7812436144102,0,0,"SF","first"
"47",4.71348929604839,0,0,"SF","first"
"48",86.4525266020695,15744.2236,3,"SF","first"
"49",8.26990113367796,0,0,"SF","first"
"50",86.7080219333398,0,0,"SF","first"
"51",109.437405432604,8335.1772,2,"SF","first"
"52",72.6176871234459,0,0,"SF","first"
"53",33.0333956770566,926.1308,2,"SF","first"
"54",58.1437411652701,0,0,"SF","first"
"55",25.2770521240323,0,0,"SF","first"
"56",77.8345182014612,0,0,"SF","first"
"57",84.4876397496536,10928.34344,2,"SF","first"
"58",70.5381023172783,0,0,"SF","first"
"59",37.4178019111477,1481.80928,2,"SF","first"
"60",117.518148772258,740.90464,1,"SF","first"
"61",41.6697856873742,0,0,"SF","first"
"62",48.8841846247427,0,0,"SF","first"
"63",59.3877409884166,9446.53416,4,"SF","first"
"64",38.9007195746492,0,0,"SF","first"
"65",22.0573304927458,0,0,"SF","first"
"66",177.905645488986,0,0,"SF","first"
"67",171.64847921554,0,0,"SF","first"
"68",37.5469903318923,0,0,"SF","first"
"69",20.6115716845185,0,0,"SF","first"
"70",121.114231568859,29265.73328,4,"SF","first"
"71",38.6831809390803,0,0,"SF","first"
"72",44.2074202382603,740.90464,1,"SF","first"
"73",18.2598114620293,0,0,"SF","first"
"74",40.4045334211385,2593.16624,2,"SF","first"
"75",33.5780546545897,0,0,"SF","first"
"76",76.0303391057832,0,0,"SF","first"
"77",346.28014669549,926.1308,1,"SF","first"
"78",183.846181636478,2963.61856,3,"SF","first"
"79",37.1239328253743,0,0,"SF","first"
"80",59.7467051367164,0,0,"SF","first"
"81",76.3222075985044,0,0,"SF","first"
"82",5.27946333645374,0,0,"SF","first"
"83",104.274093146328,0,0,"SF","first"
"84",298.21262867424,555.67848,2,"SF","first"
"85",45.161940340944,0,0,"SF","first"
"86",44.731031250024,0,0,"SF","first"
"87",84.228509348424,0,0,"SF","first"
"88",105.541948855224,0,0,"SF","first"
"89",278.79868620576,8890.85568,2,"SF","first"
"90",102.573153906048,0,0,"SF","first"
"91",86.846132162664,0,0,"SF","first"
"92",80.218740256704,740.90464,3,"SF","first"
"93",122.25421629792,0,0,"SF","first"
"94",41.599982691792,0,0,"SF","first"
"95",36.560593623456,185.22616,1,"SF","first"
"96",51.180735503016,20004.42528,4,"SF","first"
"97",140.37055581528,370.45232,2,"SF","first"
"98",72.306523039464,0,0,"SF","first"
"99",87.278543186688,0,0,"SF","first"
"100",34.140609513864,0,0,"SF","first"
"101",27.488839216104,0,0,"SF","first"
"102",58.709645941968,555.67848,2,"SF","first"
"103",45.102625191792,0,0,"SF","first"
"104",54.22841556552,740.90464,2,"SF","first"
"105",6.7987535063616,0,0,"SF","first"
"106",134.17878055176,0,0,"SF","first"
"107",106.578495657648,926.1308,1,"SF","first"
"108",57.635360268192,0,0,"SF","first"
"109",60.176844040824,1481.80928,2,"SF","first"
"110",27.945830384136,0,0,"SF","first"
"111",4.750603199496,185.22616,1,"SF","first"
"112",78.533156601144,370.45232,2,"SF","first"
"113",69.610127196456,0,0,"SF","first"
"114",55.272841912512,0,0,"SF","first"
"115",13.975218529776,0,0,"SF","first"
"116",78.548904481824,0,0,"SF","first"
"117",75.601887562656,0,0,"SF","first"
"118",21.64386478968,0,0,"SF","first"
"119",45.073539248472,0,0,"SF","first"
"120",21.462108467184,0,0,"SF","first"
"121",28.645495833024,0,0,"SF","first"
"122",7.6461195050352,0,0,"SF","first"
"123",7.7532443232552,0,0,"SF","first"
"124",12.665689781472,0,0,"SF","first"
"125",3.2940688256784,0,0,"SF","first"
"126",86.700803322168,7964.72488,3,"SF","first"
"127",42.776310148992,0,0,"SF","first"
"128",39.834449119584,0,0,"SF","first"
"129",16.839012663144,0,0,"SF","first"
"130",105.696782466408,2963.61856,2,"SF","first"
"131",9.1605780586152,0,0,"SF","first"
"132",109.611761645736,8705.62952,2,"SF","first"
"133",24.179228745336,740.90464,3,"SF","first"
"134",87.966832052736,7038.59408,2,"SF","first"
"135",88.849834216416,21301.0084,4,"SF","first"
"136",133.84050934968,18893.06832,2,"SF","first"
"137",189.84053347056,14818.0928,3,"SF","first"
"138",145.91739652056,0,0,"SF","first"
"139",123.7923527148,7964.72488,2,"SF","first"
"140",26.828470613952,0,0,"SF","first"
"141",48.72915475596,8335.1772,3,"SF","first"
"142",72.75050119008,0,0,"SF","first"
"143",28.649508460272,0,0,"SF","first"
"144",3.6163231441344,0,0,"SF","first"
"145",59.03639485128,0,0,"SF","first"
"146",235.10543468832,6482.9156,2,"SF","first"
"147",111.579081051312,0,0,"SF","first"
"148",119.14241265864,14077.18816,3,"SF","first"
"149",102.467682335088,0,0,"SF","first"
"150",33.225797752056,11669.24808,1,"SF","first"
"151",68.609514703968,0,0,"SF","first"
"152",63.179253149544,4260.20168,3,"SF","first"
"153",208.49723265168,3519.29704,1,"SF","first"
"154",124.74047600784,6853.36792,5,"SF","first"
"155",131.55768311616,0,0,"SF","first"
"156",213.28167417984,23153.27,4,"SF","first"
"157",169.87715248896,740.90464,1,"SF","first"
"158",90.9014187942,1111.35696,2,"SF","first"
"159",54.393090201072,0,0,"SF","first"
"160",130.70281417704,6297.68944,1,"SF","first"
"161",1.986020714412,0,0,"SF","first"
"162",227.13756748704,0,0,"SF","first"
"163",98.737485761376,7594.27256,2,"SF","first"
"164",164.50964707968,0,0,"SF","first"
"165",59.903458590528,5371.55864,4,"SF","first"
"166",15.501978363816,926.1308,2,"SF","first"
"167",34.085766538656,0,0,"SF","first"
"168",19.868266023984,0,0,"SF","first"
"169",10.0465381338336,185.22616,1,"SF","first"
"170",21.014498776824,0,0,"SF","first"
"171",5.3263748591424,0,0,"SF","first"
"172",10.2100190688216,0,0,"SF","first"
"173",48.97770226776,3148.84472,2,"SF","first"
"174",14.37153832548,0,0,"SF","first"
"175",7.5539086583688,0,0,"SF","first"
"176",22.497310254888,0,0,"SF","first"
"177",16.963796403792,0,0,"SF","first"
"178",28.399896145152,0,0,"SF","first"
"179",5.1285332814408,0,0,"SF","first"
"180",26.52694073064,0,0,"SF","first"
"181",28.325146952088,0,0,"SF","first"
"182",11.0270168768088,0,0,"SF","first"
"183",18.591342674184,0,0,"SF","first"
"184",8.146036817856,0,0,"SF","first"
"185",2.0730521335608,0,0,"SF","first"
"186",16.1354130462,0,0,"SF","first"
"187",21.722391232416,0,0,"SF","first"
"188",16.992400383504,0,0,"SF","first"
"189",28.48612279716,0,0,"SF","first"
"190",36.243069273432,0,0,"SF","first"
"191",11.603318696424,0,0,"SF","first"
"192",14.171792431104,0,0,"SF","first"
"193",30.980878516728,0,0,"SF","first"
"194",12.311973327024,0,0,"SF","first"
"195",41.522083922592,0,0,"SF","first"
"196",51.762185366472,5001.10632,3,"SF","first"
"197",51.762185366472,5001.10632,3,"SF","first"
"198",17.598486433248,0,0,"SF","first"
"199",248.920192962,4815.88016,2,"SF","first"
"200",14.727361969656,0,0,"SF","first"
"201",79.724256803352,12780.60504,2,"SF","first"
"202",12.587140921824,7594.27256,2,"SF","first"
"203",61.390148194368,2037.48776,2,"SF","first"
"204",207.1132125048,6297.68944,3,"SF","first"
"205",58.541754479544,19263.52064,3,"SF","first"
"206",21.646431526104,0,0,"SF","first"
"207",23.288918668344,12039.7004,3,"SF","first"
"208",93.457518393456,21671.46072,1,"SF","first"
"209",137.36422374696,5001.10632,3,"SF","first"
"210",128.79435037392,7964.72488,2,"SF","first"
"211",73.288406201976,5186.33248,1,"SF","first"
"212",70.943059200888,7038.59408,4,"SF","first"
"213",35.097520236408,2407.94008,3,"SF","first"
"214",51.383530097424,5001.10632,6,"SF","first"
"215",30.028619303424,740.90464,3,"SF","first"
"216",23.743578477528,0,0,"SF","first"
"217",20.503247473296,0,0,"SF","first"
"218",72.640647112824,1111.35696,3,"SF","first"
"219",77.261523642576,2407.94008,1,"SF","first"
"220",2.2885627213008,0,0,"SF","first"
"221",1.4979361685904,0,0,"SF","first"
"222",147.28381939152,0,0,"SF","first"
"223",145.90035966744,0,0,"SF","first"
"224",143.54097967944,555.67848,1,"SF","first"
"225",82.373106376008,2037.48776,3,"SF","first"
"226",55.550520201456,555.67848,3,"SF","first"
"227",98.614080660816,0,0,"SF","first"
"228",54.279391623408,6668.14176,1,"SF","first"
"229",44.697764552616,2778.3924,2,"SF","first"
"230",5.6210866386696,0,0,"SF","first"
"231",16.275384244728,0,0,"SF","first"
"232",53.097179726808,22968.04384,5,"SF","first"
"233",24.312912000048,0,0,"SF","first"
"234",45.077417374248,9261.308,2,"SF","first"
"235",81.9587521746,0,0,"SF","first"
"236",10.5559703049528,0,0,"SF","first"
"237",27.195155251992,1481.80928,2,"SF","first"
"238",5.5195727735232,0,0,"SF","first"
"239",42.113004931368,0,0,"SF","first"
"240",25.055909339832,2222.71392,3,"SF","first"
"241",8.3020686129864,555.67848,3,"SF","first"
"242",23.466001064688,185.22616,1,"SF","first"
"243",10.239697939464,1296.58312,2,"SF","first"
"244",18.364786153056,0,0,"SF","first"
"245",32.711912461368,555.67848,2,"SF","first"
"246",69.792096479616,0,0,"SF","first"
"247",116.811726318,0,0,"SF","first"
"248",175.95729153072,0,0,"SF","first"
"249",127.798815312,0,0,"SF","first"
"250",122.9242577976,555.67848,3,"SF","first"
"251",41.391101905776,0,0,"SF","first"
"252",102.209607635688,0,0,"SF","first"
"253",33.721446884832,2407.94008,2,"SF","first"
"254",18.703595361024,370.45232,1,"SF","first"
"255",136.9387507572,370.45232,1,"SF","first"
"256",60.793118577072,0,0,"SF","first"
"257",24.479749867608,370.45232,1,"SF","first"
"258",16.09864931052,0,0,"SF","first"
"259",25.65346575456,0,0,"SF","first"
"260",132.49370127672,1481.80928,2,"SF","first"
"261",191.0627035128,7594.27256,4,"SF","first"
"262",27.94514666832,10557.89112,2,"SF","first"
"263",57.622997341224,185.22616,1,"SF","first"
"264",19.094938602264,370.45232,2,"SF","first"
"265",99.885254072688,0,0,"SF","first"
"266",3.6269453978856,0,0,"SF","first"
"267",15.468879793248,0,0,"SF","first"
"268",23.073929273808,0,0,"SF","first"
"269",6.7243147875288,0,0,"SF","first"
"270",48.387733977744,2037.48776,1,"SF","first"
"271",19.135546838352,0,0,"SF","first"
"272",95.0858156304,0,0,"SF","first"
"273",20.965842869328,0,0,"SF","first"
"274",5.545232291844,370.45232,1,"SF","first"
"275",12.876005249856,370.45232,1,"SF","first"
"276",28.294110737424,370.45232,1,"SF","first"
"277",40.240565105832,926.1308,1,"SF","first"
"278",445.03477176312,0,0,"SF","first"
"279",292.29277055328,2407.94008,2,"SF","first"
"280",677.31085590336,740.90464,1,"SF","first"
"281",218.8036321128,0,0,"SF","first"
"282",149.41443479256,0,0,"SF","first"
"283",21.536745575688,0,0,"SF","first"
"284",413.31495336768,11669.24808,1,"SF","first"
"285",599.86950379272,555.67848,1,"SF","first"
"286",431.81563084128,185.22616,1,"SF","first"
"287",231.58541908152,1111.35696,2,"SF","first"
"288",20.633893236432,0,0,"SF","first"
"289",53.616870997704,0,0,"SF","first"
"290",118.04488064712,0,0,"SF","first"
"291",696.6324406944,0,0,"SF","first"
"292",200.75700919176,0,0,"SF","first"
"293",5.2478405704872,0,0,"SF","first"
"294",31.475574930744,0,0,"SF","first"
"295",93.069347145264,0,0,"SF","first"
"296",546.92804314512,2222.71392,2,"SF","first"
"297",103.874679816768,0,0,"SF","first"
"298",205.7833292004,1481.80928,4,"SF","first"
"299",63.54342709344,0,0,"SF","first"
"300",190.4255027892,0,0,"SF","first"
"301",52.547550669936,555.67848,1,"SF","first"
"302",264.63433618944,0,0,"SF","first"
"303",35.816553897264,0,0,"SF","first"
"304",9.2950559928576,0,0,"SF","first"
"305",40.594741106976,0,0,"SF","first"
"306",156.2004823932,0,0,"SF","first"
"307",88.485626647152,0,0,"SF","first"
"308",262.34422445952,0,0,"SF","first"
"309",33.333757600248,0,0,"SF","first"
"310",124.60373284464,0,0,"SF","first"
"311",45.87710708448,0,0,"SF","first"
"312",31.642547299776,0,0,"SF","first"
"313",71.123627427048,0,0,"SF","first"
"314",52.985991843288,2407.94008,2,"SF","first"
"315",8.4306677120568,0,0,"SF","first"
"316",6.4630972370664,0,0,"SF","first"
"317",133.12630653336,0,0,"SF","first"
"318",10.136770688016,0,0,"SF","first"
"319",8.2804699182744,0,0,"SF","first"
"320",301.68422375112,0,0,"SF","first"
"321",47.358573547824,0,0,"SF","first"
"322",9.5630961304872,0,0,"SF","first"
"323",76.0258362024,740.90464,1,"SF","first"
"324",88.045851667536,185.22616,1,"SF","first"
"325",60.896370873744,370.45232,1,"SF","first"
"326",55.395697798728,0,0,"SF","first"
"327",37.12201397604,0,0,"SF","first"
"328",64.668778492752,0,0,"SF","first"
"329",27.502491115512,0,0,"SF","first"
"330",146.47501720656,0,0,"SF","first"
"331",63.065969284752,0,0,"SF","first"
"332",40.377196184472,0,0,"SF","first"
"333",62.820459264528,0,0,"SF","first"
"334",54.6569148384,0,0,"SF","first"
"335",31.91198737356,0,0,"SF","first"
"336",36.575579329128,0,0,"SF","first"
"337",55.36775511792,0,0,"SF","first"
"338",26.386128897912,0,0,"SF","first"
"339",36.267750293544,0,0,"SF","first"
"340",11.403225339912,0,0,"SF","first"
"341",12.917431703232,0,0,"SF","first"
"342",90.506029300344,2407.94008,5,"SF","first"
"343",9.2347388077392,0,0,"SF","first"
"344",101.82641294196,0,0,"SF","first"
"345",93.338854469784,0,0,"SF","first"
"346",29.989580251176,0,0,"SF","first"
"347",2.4545666797344,0,0,"SF","first"
"348",4.880240201592,0,0,"SF","first"
"349",18.623309190696,2407.94008,1,"SF","first"
"350",22.00617812988,370.45232,2,"SF","first"
"351",7.2233656867008,1111.35696,1,"SF","first"
"352",8.9581880894688,0,0,"SF","first"
"353",3.2712461675712,0,0,"SF","first"
"354",4.1554465151976,185.22616,1,"SF","first"
"355",12.751681055904,0,0,"SF","first"
"356",14.400994147848,0,0,"SF","first"
"357",7.98411946248,0,0,"SF","first"
"358",8.1251509809456,0,0,"SF","first"
"359",9.7232470331976,0,0,"SF","first"
"360",19.943553222936,0,0,"SF","first"
"361",16.516601426304,0,0,"SF","first"
"362",90.560390311944,3889.74936,1,"SF","first"
"363",1.7096358812904,0,0,"SF","first"
"364",25.470218707416,0,0,"SF","first"
"365",19.205700564456,0,0,"SF","first"
"366",42.370552833336,0,0,"SF","first"
"367",47.819521300824,9076.08184,1,"SF","first"
"368",31.820829000912,25190.75776,2,"SF","first"
"369",16.767379420848,0,0,"SF","first"
"370",17.296396127136,0,0,"SF","first"
"371",54.835174122624,0,0,"SF","first"
"372",43.587544568904,0,0,"SF","first"
"373",10.8991508107608,0,0,"SF","first"
"374",17.764080162192,370.45232,2,"SF","first"
"375",40.498045757064,5186.33248,3,"SF","first"
"376",28.981514135448,1667.03544,3,"SF","first"
"377",47.224150535016,5556.7848,2,"SF","first"
"378",226.94523038208,740.90464,1,"SF","first"
"379",111.717639984384,3889.74936,2,"SF","first"
"380",23.883953180472,10557.89112,1,"SF","first"
"381",22.521755897424,0,0,"SF","first"
"382",12.150235306944,0,0,"SF","first"
"383",32.01616997208,0,0,"SF","first"
"384",24.637284716688,0,0,"SF","first"
"385",38.45576419776,5186.33248,1,"SF","first"
"386",98.055484839144,7779.49872,4,"SF","first"
"387",67.339663889904,0,0,"SF","first"
"388",18.60037668972,7223.82024,3,"SF","first"
"389",137.05274075472,11113.5696,3,"SF","first"
"390",42.933351826008,0,0,"SF","first"
"391",22.500280495728,0,0,"SF","first"
"392",38.414248076736,18522.616,1,"SF","first"
"393",20.42785939824,3148.84472,1,"SF","first"
"394",6.2349412692672,0,0,"SF","first"
"395",6.1889686661376,0,0,"SF","first"
"396",9.7576637181912,0,0,"SF","first"
"397",31.973958926784,0,0,"SF","first"
"398",24.755421842928,0,0,"SF","first"
"399",16.752909304152,0,0,"SF","first"
"400",4.3141414394736,0,0,"SF","first"
"401",101.215417588488,0,0,"SF","first"
"402",161.18981449704,19448.7468,4,"SF","first"
"403",99.724087683864,0,0,"SF","first"
"404",24.969211932672,1111.35696,4,"SF","first"
"405",216.76324478256,0,0,"SF","first"
"406",18.8741992698,0,0,"SF","first"
"407",148.2357535596,0,0,"SF","first"
"408",48.871188310392,0,0,"SF","first"
"409",33.92087894244,0,0,"SF","first"
"410",125.08536019896,0,0,"SF","first"
"411",0.62734725784584,0,0,"SF","first"
"412",142.37754194664,0,0,"SF","first"
"413",38.093293939176,0,0,"SF","first"
"414",180.69420920544,3519.29704,2,"SF","first"
"415",129.96215940456,0,0,"SF","first"
"416",45.320898663936,0,0,"SF","first"
"417",60.269481929664,0,0,"SF","first"
"418",71.497922606712,5001.10632,2,"SF","first"
"419",4.8308411734632,0,0,"SF","first"
"420",68.479418155176,4630.654,3,"SF","first"
"421",65.107320542208,2963.61856,3,"SF","first"
"422",196.3250736048,0,0,"SF","first"
"423",37.00057035528,0,0,"SF","first"
"424",13.086163799856,0,0,"SF","first"
"425",119.73590040384,1667.03544,4,"SF","first"
"426",52.632521974872,0,0,"SF","first"
"427",69.12826446456,926.1308,1,"SF","first"
"428",64.421150074344,0,0,"SF","first"
"429",89.543985104952,0,0,"SF","first"
"430",8.5470372647856,0,0,"SF","first"
"431",84.226749620832,0,0,"SF","first"
"432",50.1365445336,0,0,"SF","first"
"433",65.649877063344,0,0,"SF","first"
"434",29.729678573448,0,0,"SF","first"
"435",70.07812506828,0,0,"SF","first"
"436",150.63907069512,0,0,"SF","first"
"437",107.797538540664,0,0,"SF","first"
"438",168.18546022488,2407.94008,3,"SF","first"
"439",194.78817011808,0,0,"SF","first"
"440",105.696950593248,185.22616,1,"SF","first"
"441",100.453388290416,0,0,"SF","first"
"442",98.228263188384,0,0,"SF","first"
"443",101.431964958408,3519.29704,2,"SF","first"
"444",32.63588550432,0,0,"SF","first"
"445",25.539901678368,0,0,"SF","first"
"446",140.3444401128,740.90464,2,"SF","first"
"447",27.608343773976,0,0,"SF","first"
"448",88.399792291104,0,0,"SF","first"
"449",60.648350159376,0,0,"SF","first"
"450",90.83215053612,0,0,"SF","first"
"451",61.44268222764,0,0,"SF","first"
"452",62.215594936488,10928.34344,2,"SF","first"
"453",170.17103820528,0,0,"SF","first"
"454",80.102082646656,0,0,"SF","first"
"455",175.08695492232,1481.80928,2,"SF","first"
"456",81.737396377056,370.45232,1,"SF","first"
"457",147.24402937272,1852.2616,4,"SF","first"
"458",120.30192743184,0,0,"SF","first"
"459",336.18497216472,0,0,"SF","first"
"460",366.31442273832,0,0,"SF","first"
"461",189.07510801032,8705.62952,2,"SF","first"
"462",178.72118469576,0,0,"SF","first"
"463",219.1992906096,0,0,"SF","first"
"464",80.54374064688,0,0,"SF","first"
"465",271.0854751248,0,0,"SF","first"
"466",111.635818255584,0,0,"SF","first"
"467",112.77679424256,0,0,"SF","first"
"468",156.64299223608,0,0,"SF","first"
"469",52.345260456048,0,0,"SF","first"
"470",24.826371369408,0,0,"SF","first"
"471",64.82472174108,0,0,"SF","first"
"472",43.52596531164,0,0,"SF","first"
"473",45.105763559472,0,0,"SF","first"
"474",5.0748178769064,16855.58056,3,"SF","first"
"475",91.795819957632,926.1308,1,"SF","first"
"476",313.4657681064,0,0,"SF","first"
"477",345.60343774152,0,0,"SF","first"
"478",90.156235805496,1481.80928,1,"SF","first"
"479",185.4842549616,370.45232,1,"SF","first"
"480",215.83933175448,0,0,"SF","first"
"481",415.1718582732,0,0,"SF","first"
"482",62.62254034848,2037.48776,1,"SF","first"
"483",244.25736318144,0,0,"SF","first"
"484",39.632865038424,0,0,"SF","first"
"485",66.556517860728,0,0,"SF","first"
"486",50.02995211704,0,0,"SF","first"
"487",2.37919093398,0,0,"SF","first"
"488",146.43847764,0,0,"SF","first"
"489",62.153444047968,1296.58312,2,"SF","first"
"490",62.560008372456,0,0,"SF","first"
"491",126.08918951832,3889.74936,3,"SF","first"
"492",47.069776470528,2222.71392,1,"SF","first"
"493",242.76910439376,0,0,"SF","first"
"494",261.95237683776,5371.55864,3,"SF","first"
"495",300.94188771024,0,0,"SF","first"
"496",477.08445501864,0,0,"SF","first"
"497",6.6630594546432,555.67848,2,"SF","first"
"498",101.077363035936,0,0,"SF","first"
"499",48.204912851928,1296.58312,1,"SF","first"
"500",41.0857163136,0,0,"SF","first"
"501",90.161963326512,4815.88016,3,"SF","first"
"502",223.09120278648,4074.97552,4,"SF","first"
"503",47.092126131792,3519.29704,2,"SF","first"
"504",142.37081687304,2778.3924,2,"SF","first"
"505",247.2450892128,926.1308,2,"SF","first"
"506",224.37569184408,2222.71392,2,"SF","first"
"507",163.93330827216,0,0,"SF","first"
"508",143.42654134368,0,0,"SF","first"
"509",344.53997943624,0,0,"SF","first"
"510",137.58559075296,0,0,"SF","first"
"511",16.486136842896,0,0,"SF","first"
"512",104.52888376812,370.45232,1,"SF","first"
"513",51.141853369152,0,0,"SF","first"
"514",99.196270282368,0,0,"SF","first"
"515",100.3434221286,740.90464,1,"SF","first"
"516",168.7786117164,0,0,"SF","first"
"517",93.930156566064,0,0,"SF","first"
"518",157.39541588736,0,0,"SF","first"
"519",98.757862734384,0,0,"SF","first"
"520",379.89795056472,9816.98648,3,"SF","first"
"521",52.166664918144,1667.03544,3,"SF","first"
"522",72.469101693744,0,0,"SF","first"
"523",72.175552231104,0,0,"SF","first"
"524",148.9643031996,2778.3924,3,"SF","first"
"525",12.969147519216,185.22616,1,"SF","first"
"526",13.556201610672,0,0,"SF","first"
"527",204.30683929152,0,0,"SF","first"
"528",55.802239706304,0,0,"SF","first"
"529",52.461503353224,0,0,"SF","first"
"530",117.99601177896,3334.07088,3,"SF","first"
"531",37.250832760848,0,0,"SF","first"
"532",138.08290994568,1852.2616,3,"SF","first"
"533",72.950056540704,6112.46328,3,"SF","first"
"534",65.719526408928,0,0,"SF","first"
"535",2.7602661086784,0,0,"SF","first"
"536",180.07931330928,0,0,"SF","first"
"537",21.703919696928,0,0,"SF","first"
"538",6.9619800093984,0,0,"SF","first"
"539",68.270604619896,0,0,"SF","first"
"540",7.1972286881544,0,0,"SF","first"
"541",44.650363992192,0,0,"SF","first"
"542",31.866447416832,555.67848,1,"SF","first"
"543",29.971254425616,0,0,"SF","first"
"544",75.825238465368,0,0,"SF","first"
"545",62.010547442424,0,0,"SF","first"
"546",76.819944101544,555.67848,1,"SF","first"
"547",53.438936758704,1296.58312,1,"SF","first"
"548",49.001778031248,1296.58312,3,"SF","first"
"549",123.12813961224,1667.03544,2,"SF","first"
"550",54.750763240488,0,0,"SF","first"
"551",162.89338772448,2407.94008,2,"SF","first"
"552",29.854854610056,0,0,"SF","first"
"553",78.542280284328,0,0,"SF","first"
"554",42.7081403196,0,0,"SF","first"
"555",32.092309013688,0,0,"SF","first"
"556",37.03032880596,0,0,"SF","first"
"557",46.68904763712,1667.03544,2,"SF","first"
"558",0,0,0,"SF","second"
"559",25.0600091288535,1296.58312,1,"SF","second"
"560",0,0,0,"SF","second"
"561",9.96001835938272,10002.21264,5,"SF","second"
"562",0,5556.7848,1,"SF","second"
"563",17.2031268446735,8335.1772,3,"SF","second"
"564",9.9778813650301,0,0,"SF","second"
"565",0.365231729125339,740.90464,1,"SF","second"
"566",42.6381463543444,4260.20168,2,"SF","second"
"567",3.4747630899734,2407.94008,1,"SF","second"
"568",0,0,0,"SF","second"
"569",0,0,0,"SF","second"
"570",6.33375209272957,0,0,"SF","second"
"571",9.93495446228068,4445.42784,2,"SF","second"
"572",0,555.67848,1,"SF","second"
"573",0,0,0,"SF","second"
"574",0,29080.50712,1,"SF","second"
"575",0,926.1308,1,"SF","second"
"576",9.12971740668266,1667.03544,1,"SF","second"
"577",31.1066960735744,1667.03544,2,"SF","second"
"578",0,0,0,"SF","second"
"579",1.6530566528866,0,0,"SF","second"
"580",0,1667.03544,2,"SF","second"
"581",0,926.1308,1,"SF","second"
"582",0,0,0,"SF","second"
"583",0,0,0,"SF","second"
"584",0,0,0,"SF","second"
"585",13.6713289189018,6297.68944,4,"SF","second"
"586",0,0,0,"SF","second"
"587",0,0,0,"SF","second"
"588",0,0,0,"SF","second"
"589",16.8285520245682,0,0,"SF","second"
"590",0,0,0,"SF","second"
"591",0,0,0,"SF","second"
"592",13.1067679538082,0,0,"SF","second"
"593",0,0,0,"SF","second"
"594",0,0,0,"SF","second"
"595",0,5927.23712,4,"SF","second"
"596",28.4917643689333,555.67848,2,"SF","second"
"597",0,0,0,"SF","second"
"598",12.2814252353508,0,0,"SF","second"
"599",0,555.67848,1,"SF","second"
"600",0,0,0,"SF","second"
"601",0,1296.58312,1,"SF","second"
"602",0,0,0,"SF","second"
"603",4.14790515422639,0,0,"SF","second"
"604",0,0,0,"SF","second"
"605",14.4864563299166,740.90464,1,"SF","second"
"606",5.67580660339315,0,0,"SF","second"
"607",0,0,0,"SF","second"
"608",15.1588791808484,2222.71392,1,"SF","second"
"609",40.4097512484901,0,0,"SF","second"
"610",0,5371.55864,1,"SF","second"
"611",0,0,0,"SF","second"
"612",0,0,0,"SF","second"
"613",0,0,0,"SF","second"
"614",0,185.22616,1,"SF","second"
"615",0,0,0,"SF","second"
"616",0,185.22616,1,"SF","second"
"617",19.7925033919188,370.45232,1,"SF","second"
"618",0,0,0,"SF","second"
"619",0,0,0,"SF","second"
"620",0,370.45232,1,"SF","second"
"621",0,0,0,"SF","second"
"622",1.28774086382148,0,0,"SF","second"
"623",0,0,0,"SF","second"
"624",0,0,0,"SF","second"
"625",1.13375277244654,0,0,"SF","second"
"626",0,0,0,"SF","second"
"627",34.5988109633531,5927.23712,3,"SF","second"
"628",2.94727333559875,0,0,"SF","second"
"629",0,9076.08184,1,"SF","second"
"630",4.90565966611292,0,0,"SF","second"
"631",12.7336236568371,2963.61856,2,"SF","second"
"632",3.27431502217802,0,0,"SF","second"
"633",0,0,0,"SF","second"
"634",0,185.22616,1,"SF","second"
"635",0,555.67848,1,"SF","second"
"636",6.93437421845115,0,0,"SF","second"
"637",0,0,0,"SF","second"
"638",0,0,0,"SF","second"
"639",0,0,0,"SF","second"
"640",0,0,0,"SF","second"
"641",43.406740965168,370.45232,1,"SF","second"
"642",0,0,0,"SF","second"
"643",0,0,0,"SF","second"
"644",0,0,0,"SF","second"
"645",0,0,0,"SF","second"
"646",0,12965.8312,4,"SF","second"
"647",0,0,0,"SF","second"
"648",0,0,0,"SF","second"
"649",18.53435888388,185.22616,1,"SF","second"
"650",0,0,0,"SF","second"
"651",7.5670315186536,0,0,"SF","second"
"652",36.452286313128,4260.20168,4,"SF","second"
"653",1.01704543399872,2407.94008,1,"SF","second"
"654",0,30562.3164,1,"SF","second"
"655",0,0,0,"SF","second"
"656",0,0,0,"SF","second"
"657",0,0,0,"SF","second"
"658",0,0,0,"SF","second"
"659",1.5138824389416,185.22616,1,"SF","second"
"660",4.9392034052256,0,0,"SF","second"
"661",5.4086774307048,2963.61856,2,"SF","second"
"662",4.6058146065792,0,0,"SF","second"
"663",0,0,0,"SF","second"
"664",0,185.22616,1,"SF","second"
"665",0,0,0,"SF","second"
"666",8.20929734352,1296.58312,1,"SF","second"
"667",0,0,0,"SF","second"
"668",4.4174867663304,926.1308,2,"SF","second"
"669",2.45728585116,3704.5232,1,"SF","second"
"670",0,0,0,"SF","second"
"671",0,0,0,"SF","second"
"672",0,0,0,"SF","second"
"673",0,0,0,"SF","second"
"674",0,0,0,"SF","second"
"675",0,0,0,"SF","second"
"676",0,0,0,"SF","second"
"677",0,0,0,"SF","second"
"678",0,0,0,"SF","second"
"679",0,0,0,"SF","second"
"680",0,0,0,"SF","second"
"681",0,0,0,"SF","second"
"682",0.87321751784568,0,0,"SF","second"
"683",0,1111.35696,2,"SF","second"
"684",0,0,0,"SF","second"
"685",0,0,0,"SF","second"
"686",3.5029742702976,0,0,"SF","second"
"687",0,3148.84472,3,"SF","second"
"688",0,0,0,"SF","second"
"689",0,185.22616,1,"SF","second"
"690",9.4478227647552,370.45232,2,"SF","second"
"691",0,185.22616,1,"SF","second"
"692",0,370.45232,2,"SF","second"
"693",24.394969106424,1296.58312,2,"SF","second"
"694",0,185.22616,1,"SF","second"
"695",6.2218822971816,0,0,"SF","second"
"696",7.765403256324,4445.42784,2,"SF","second"
"697",6.1494622212744,0,0,"SF","second"
"698",16.491247898832,555.67848,1,"SF","second"
"699",0,0,0,"SF","second"
"700",0,0,0,"SF","second"
"701",3.5027534637144,0,0,"SF","second"
"702",6.6301906574232,0,0,"SF","second"
"703",49.606675984656,3519.29704,3,"SF","second"
"704",0,0,0,"SF","second"
"705",16.825495265208,3889.74936,3,"SF","second"
"706",0,0,0,"SF","second"
"707",0,555.67848,1,"SF","second"
"708",0,0,0,"SF","second"
"709",0,185.22616,1,"SF","second"
"710",0,185.22616,1,"SF","second"
"711",17.7045968862,4260.20168,2,"SF","second"
"712",0,0,0,"SF","second"
"713",0,6668.14176,1,"SF","second"
"714",0,370.45232,1,"SF","second"
"715",0,2593.16624,2,"SF","second"
"716",0,0,0,"SF","second"
"717",0,1296.58312,2,"SF","second"
"718",0,0,0,"SF","second"
"719",0,0,0,"SF","second"
"720",0,2407.94008,1,"SF","second"
"721",0,0,0,"SF","second"
"722",3.8560215799224,2037.48776,1,"SF","second"
"723",0,926.1308,1,"SF","second"
"724",12.145236335568,0,0,"SF","second"
"725",0,0,0,"SF","second"
"726",0.78382783955448,185.22616,1,"SF","second"
"727",0.77036323344624,0,0,"SF","second"
"728",0,0,0,"SF","second"
"729",0,0,0,"SF","second"
"730",9.8465153905944,370.45232,1,"SF","second"
"731",0,0,0,"SF","second"
"732",0,0,0,"SF","second"
"733",0,0,0,"SF","second"
"734",0,0,0,"SF","second"
"735",0,0,0,"SF","second"
"736",0,0,0,"SF","second"
"737",0,0,0,"SF","second"
"738",0,0,0,"SF","second"
"739",0,0,0,"SF","second"
"740",0,0,0,"SF","second"
"741",0,0,0,"SF","second"
"742",0,0,0,"SF","second"
"743",0,0,0,"SF","second"
"744",0,0,0,"SF","second"
"745",0,0,0,"SF","second"
"746",0,0,0,"SF","second"
"747",0,0,0,"SF","second"
"748",0,0,0,"SF","second"
"749",0,0,0,"SF","second"
"750",0.33538715426664,0,0,"SF","second"
"751",0,0,0,"SF","second"
"752",0,0,0,"SF","second"
"753",1.1477077856496,185.22616,1,"SF","second"
"754",1.1477077856496,185.22616,1,"SF","second"
"755",0,0,0,"SF","second"
"756",17.963534636712,1296.58312,1,"SF","second"
"757",0.20704046962536,0,0,"SF","second"
"758",0,4815.88016,1,"SF","second"
"759",7.8762638529288,2222.71392,1,"SF","second"
"760",0,2407.94008,1,"SF","second"
"761",0,7964.72488,2,"SF","second"
"762",0,24820.30544,1,"SF","second"
"763",0,0,0,"SF","second"
"764",1.9386560210472,6482.9156,1,"SF","second"
"765",0.2921663391696,16114.67592,1,"SF","second"
"766",0,7409.0464,1,"SF","second"
"767",5.5415301388272,3519.29704,1,"SF","second"
"768",21.22343560512,5001.10632,2,"SF","second"
"769",0,5742.01096,1,"SF","second"
"770",1.02100930446312,555.67848,1,"SF","second"
"771",0,926.1308,3,"SF","second"
"772",11.0652982374312,1667.03544,3,"SF","second"
"773",0,0,0,"SF","second"
"774",0,0,0,"SF","second"
"775",10.4053712484456,10743.11728,2,"SF","second"
"776",0,3704.5232,1,"SF","second"
"777",0.45947630689632,0,0,"SF","second"
"778",0,0,0,"SF","second"
"779",0,0,0,"SF","second"
"780",0,0,0,"SF","second"
"781",0,740.90464,2,"SF","second"
"782",5.4844252971984,1111.35696,1,"SF","second"
"783",23.124972582432,926.1308,2,"SF","second"
"784",0,0,0,"SF","second"
"785",30.377560955616,4074.97552,1,"SF","second"
"786",13.886122513032,6668.14176,2,"SF","second"
"787",2.6811119924064,0,0,"SF","second"
"788",1.1266056255384,0,0,"SF","second"
"789",0.66488348031336,3519.29704,6,"SF","second"
"790",10.3107617921952,0,0,"SF","second"
"791",1.8820353847176,24079.4008,1,"SF","second"
"792",3.5711564289912,0,0,"SF","second"
"793",0,0,0,"SF","second"
"794",1.4287968077544,926.1308,2,"SF","second"
"795",0.21127121342712,0,0,"SF","second"
"796",8.919622034064,0,0,"SF","second"
"797",0,185.22616,1,"SF","second"
"798",0,2593.16624,2,"SF","second"
"799",2.2704375271032,185.22616,1,"SF","second"
"800",1.6031073529296,1481.80928,2,"SF","second"
"801",0.97252342924464,0,0,"SF","second"
"802",20.38571560368,740.90464,3,"SF","second"
"803",0,0,0,"SF","second"
"804",14.665468875624,0,0,"SF","second"
"805",0,0,0,"SF","second"
"806",48.104204874768,0,0,"SF","second"
"807",0,2222.71392,1,"SF","second"
"808",0.16464000142296,0,0,"SF","second"
"809",0,0,0,"SF","second"
"810",0,5186.33248,1,"SF","second"
"811",20.872072926432,1481.80928,2,"SF","second"
"812",44.616761041104,20374.8776,1,"SF","second"
"813",0,0,0,"SF","second"
"814",9.5503588410888,7594.27256,1,"SF","second"
"815",0,0,0,"SF","second"
"816",0,0,0,"SF","second"
"817",6.2939437024968,185.22616,1,"SF","second"
"818",0,2222.71392,2,"SF","second"
"819",21.274647040584,6112.46328,3,"SF","second"
"820",5.2334085625416,555.67848,1,"SF","second"
"821",0,1296.58312,1,"SF","second"
"822",0.52397166815784,0,0,"SF","second"
"823",0,0,0,"SF","second"
"824",0,0,0,"SF","second"
"825",0,0,0,"SF","second"
"826",0,0,0,"SF","second"
"827",22.092046111296,7964.72488,2,"SF","second"
"828",0,0,0,"SF","second"
"829",0,0,0,"SF","second"
"830",0,0,0,"SF","second"
"831",0.21189843862488,185.22616,1,"SF","second"
"832",0.59590574541288,555.67848,1,"SF","second"
"833",3.2980467067128,370.45232,1,"SF","second"
"834",0.5448800340648,185.22616,1,"SF","second"
"835",28.285569893952,0,0,"SF","second"
"836",31.732293406968,1111.35696,2,"SF","second"
"837",0,16299.90208,6,"SF","second"
"838",0,0,0,"SF","second"
"839",0,0,0,"SF","second"
"840",8.0582219276328,0,0,"SF","second"
"841",0,926.1308,1,"SF","second"
"842",0,1111.35696,1,"SF","second"
"843",0,555.67848,2,"SF","second"
"844",14.52627106056,740.90464,2,"SF","second"
"845",0,0,0,"SF","second"
"846",0,0,0,"SF","second"
"847",0,0,0,"SF","second"
"848",0,0,0,"SF","second"
"849",0,0,0,"SF","second"
"850",1.1219597205264,0,0,"SF","second"
"851",0,0,0,"SF","second"
"852",13.965265420848,0,0,"SF","second"
"853",0,1852.2616,2,"SF","second"
"854",0,0,0,"SF","second"
"855",0,2222.71392,5,"SF","second"
"856",0,0,0,"SF","second"
"857",0,0,0,"SF","second"
"858",20.294153726616,370.45232,1,"SF","second"
"859",3.2170207782888,0,0,"SF","second"
"860",13.970858440392,0,0,"SF","second"
"861",0,0,0,"SF","second"
"862",0,0,0,"SF","second"
"863",0,0,0,"SF","second"
"864",0,0,0,"SF","second"
"865",0,0,0,"SF","second"
"866",24.385800589416,0,0,"SF","second"
"867",0,0,0,"SF","second"
"868",20.658350087424,0,0,"SF","second"
"869",0,0,0,"SF","second"
"870",4.8236016317328,0,0,"SF","second"
"871",0,370.45232,1,"SF","second"
"872",5.1601052603016,0,0,"SF","second"
"873",0,0,0,"SF","second"
"874",0,0,0,"SF","second"
"875",3.9270988828008,0,0,"SF","second"
"876",0,0,0,"SF","second"
"877",0,0,0,"SF","second"
"878",12.629643386976,0,0,"SF","second"
"879",0.49182917888664,0,0,"SF","second"
"880",0,185.22616,1,"SF","second"
"881",43.904777499072,926.1308,1,"SF","second"
"882",0,370.45232,1,"SF","second"
"883",0,0,0,"SF","second"
"884",5.4545513994216,0,0,"SF","second"
"885",1.04451164334216,0,0,"SF","second"
"886",0,0,0,"SF","second"
"887",0,0,0,"SF","second"
"888",0,0,0,"SF","second"
"889",0,0,0,"SF","second"
"890",4.379076508464,0,0,"SF","second"
"891",5.1958961020008,0,0,"SF","second"
"892",0,0,0,"SF","second"
"893",3.9000282198696,0,0,"SF","second"
"894",0,0,0,"SF","second"
"895",0,0,0,"SF","second"
"896",0,0,0,"SF","second"
"897",0,0,0,"SF","second"
"898",0,0,0,"SF","second"
"899",0,555.67848,1,"SF","second"
"900",17.096739900408,0,0,"SF","second"
"901",0,0,0,"SF","second"
"902",0,0,0,"SF","second"
"903",0,0,0,"SF","second"
"904",2.09704607532,0,0,"SF","second"
"905",0.146542155858,0,0,"SF","second"
"906",5.7430189481112,7964.72488,2,"SF","second"
"907",2.6712451885896,185.22616,1,"SF","second"
"908",0,185.22616,1,"SF","second"
"909",0.078200456001696,0,0,"SF","second"
"910",0.16502064058872,0,0,"SF","second"
"911",0.65752580145672,926.1308,1,"SF","second"
"912",2.0378049019776,0,0,"SF","second"
"913",1.9912573050552,0,0,"SF","second"
"914",0,0,0,"SF","second"
"915",0,0,0,"SF","second"
"916",0,0,0,"SF","second"
"917",0.77446227789,0,0,"SF","second"
"918",0,0,0,"SF","second"
"919",0,2222.71392,1,"SF","second"
"920",0.46143935588016,0,0,"SF","second"
"921",0,0,0,"SF","second"
"922",0,0,0,"SF","second"
"923",0,0,0,"SF","second"
"924",7.5313079276904,22227.1392,1,"SF","second"
"925",0,32414.578,2,"SF","second"
"926",0,0,0,"SF","second"
"927",0,0,0,"SF","second"
"928",0,0,0,"SF","second"
"929",0,0,0,"SF","second"
"930",0,0,0,"SF","second"
"931",0,38897.4936,1,"SF","second"
"932",0.46794115703664,4815.88016,1,"SF","second"
"933",4.8418691733216,10187.4388,3,"SF","second"
"934",0,11854.47424,1,"SF","second"
"935",0,6668.14176,1,"SF","second"
"936",4.6017067074552,8520.40336,1,"SF","second"
"937",0,22597.59152,1,"SF","second"
"938",0,0,0,"SF","second"
"939",0,0,0,"SF","second"
"940",0,0,0,"SF","second"
"941",0,0,0,"SF","second"
"942",5.2112393574192,20745.32992,1,"SF","second"
"943",0.56700631080072,1481.80928,1,"SF","second"
"944",0,0,0,"SF","second"
"945",16.762032987336,9631.76032,2,"SF","second"
"946",4.31099634672,13336.28352,1,"SF","second"
"947",0,0,0,"SF","second"
"948",0,0,0,"SF","second"
"949",20.787729295032,29265.73328,2,"SF","second"
"950",0,4445.42784,1,"SF","second"
"951",0,0,0,"SF","second"
"952",0,0,0,"SF","second"
"953",0,0,0,"SF","second"
"954",0,0,0,"SF","second"
"955",0,0,0,"SF","second"
"956",1.10372849433504,0,0,"SF","second"
"957",0,0,0,"SF","second"
"958",0,0,0,"SF","second"
"959",0,12039.7004,1,"SF","second"
"960",0,0,0,"SF","second"
"961",7.2044110667592,1111.35696,1,"SF","second"
"962",0,0,0,"SF","second"
"963",0,0,0,"SF","second"
"964",16.741196467632,0,0,"SF","second"
"965",0,0,0,"SF","second"
"966",10.2111735397896,0,0,"SF","second"
"967",0,0,0,"SF","second"
"968",0.165476040156,0,0,"SF","second"
"969",0,0,0,"SF","second"
"970",0,0,0,"SF","second"
"971",0,370.45232,2,"SF","second"
"972",0,0,0,"SF","second"
"973",4.7725078850568,0,0,"SF","second"
"974",0,0,0,"SF","second"
"975",9.5694289081272,18893.06832,2,"SF","second"
"976",0.1964976838272,0,0,"SF","second"
"977",0,185.22616,1,"SF","second"
"978",0,1481.80928,1,"SF","second"
"979",0,0,0,"SF","second"
"980",0,0,0,"SF","second"
"981",0,0,0,"SF","second"
"982",0,33525.93496,2,"SF","second"
"983",9.536456993112,0,0,"SF","second"
"984",0,2407.94008,2,"SF","second"
"985",0,0,0,"SF","second"
"986",0,0,0,"SF","second"
"987",9.893670485832,0,0,"SF","second"
"988",0,0,0,"SF","second"
"989",0,0,0,"SF","second"
"990",21.482261271072,0,0,"SF","second"
"991",9.3461452561512,0,0,"SF","second"
"992",0,0,0,"SF","second"
"993",0,0,0,"SF","second"
"994",0,0,0,"SF","second"
"995",0,7594.27256,2,"SF","second"
"996",0,0,0,"SF","second"
"997",4.9067392332672,370.45232,2,"SF","second"
"998",16.016289575832,0,0,"SF","second"
"999",14.301418224744,0,0,"SF","second"
"1000",0,40934.98136,1,"SF","second"
"1001",0,0,0,"SF","second"
"1002",0,0,0,"SF","second"
"1003",0,5186.33248,2,"SF","second"
"1004",0.99877195192824,0,0,"SF","second"
"1005",0,0,0,"SF","second"
"1006",23.73239243844,0,0,"SF","second"
"1007",0,0,0,"SF","second"
"1008",0,0,0,"SF","second"
"1009",0,1852.2616,2,"SF","second"
"1010",0,0,0,"SF","second"
"1011",16.585813642104,0,0,"SF","second"
"1012",17.431267478184,18893.06832,2,"SF","second"
"1013",0,13151.05736,2,"SF","second"
"1014",22.92925052376,370.45232,1,"SF","second"
"1015",0,0,0,"SF","second"
"1016",0,0,0,"SF","second"
"1017",0,0,0,"SF","second"
"1018",0,24635.07928,3,"SF","second"
"1019",0,0,0,"SF","second"
"1020",0,0,0,"SF","second"
"1021",0,0,0,"SF","second"
"1022",0,0,0,"SF","second"
"1023",0,0,0,"SF","second"
"1024",0,0,0,"SF","second"
"1025",0,0,0,"SF","second"
"1026",0,0,0,"SF","second"
"1027",0,0,0,"SF","second"
"1028",0,0,0,"SF","second"
"1029",0,0,0,"SF","second"
"1030",0,0,0,"SF","second"
"1031",0,7409.0464,1,"SF","second"
"1032",0,1111.35696,3,"SF","second"
"1033",0,0,0,"SF","second"
"1034",0,0,0,"SF","second"
"1035",29.473240308624,370.45232,1,"SF","second"
"1036",0,2037.48776,1,"SF","second"
"1037",0,0,0,"SF","second"
"1038",0,0,0,"SF","second"
"1039",0,185.22616,1,"SF","second"
"1040",18.538315468848,0,0,"SF","second"
"1041",21.540108112488,0,0,"SF","second"
"1042",0,0,0,"SF","second"
"1043",0,0,0,"SF","second"
"1044",0,0,0,"SF","second"
"1045",0,0,0,"SF","second"
"1046",17.741114035848,5001.10632,2,"SF","second"
"1047",20.580059022264,0,0,"SF","second"
"1048",15.900551059176,1111.35696,3,"SF","second"
"1049",22.068071223912,3148.84472,2,"SF","second"
"1050",0,0,0,"SF","second"
"1051",0,6482.9156,3,"SF","second"
"1052",0,0,0,"SF","second"
"1053",0,0,0,"SF","second"
"1054",10.4392768278456,1296.58312,2,"SF","second"
"1055",17.333944454736,0,0,"SF","second"
"1056",16.647336857088,2778.3924,1,"SF","second"
"1057",0,0,0,"SF","second"
"1058",0,11669.24808,3,"SF","second"
"1059",3.2367398149296,1296.58312,1,"SF","second"
"1060",2.0422187919504,2407.94008,3,"SF","second"
"1061",0,185.22616,1,"SF","second"
"1062",0,370.45232,1,"SF","second"
"1063",0,740.90464,2,"SF","second"
"1064",0,0,0,"SF","second"
"1065",0,0,0,"SF","second"
"1066",0,0,0,"SF","second"
"1067",0,0,0,"SF","second"
"1068",3.9957876637056,0,0,"SF","second"
"1069",3.052292342148,185.22616,1,"SF","second"
"1070",8.9308629945864,0,0,"SF","second"
"1071",0,0,0,"SF","second"
"1072",0,1852.2616,3,"SF","second"
"1073",22.548566524176,0,0,"SF","second"
"1074",0,0,0,"SF","second"
"1075",0,0,0,"SF","second"
"1076",0,0,0,"SF","second"
"1077",0,185.22616,1,"SF","second"
"1078",0,555.67848,3,"SF","second"
"1079",0,0,0,"SF","second"
"1080",0,0,0,"SF","second"
"1081",0.15348422516616,185.22616,1,"SF","second"
"1082",5.3601649914456,555.67848,1,"SF","second"
"1083",0,0,0,"SF","second"
"1084",0,0,0,"SF","second"
"1085",3.211721420292,0,0,"SF","second"
"1086",0,0,0,"SF","second"
"1087",11.583233143272,3889.74936,2,"SF","second"
"1088",0,0,0,"SF","second"
"1089",0,370.45232,1,"SF","second"
"1090",16.80046678296,3334.07088,4,"SF","second"
"1091",0,0,0,"SF","second"
"1092",0,0,0,"SF","second"
"1093",0,0,0,"SF","second"
"1094",4.2639847197192,0,0,"SF","second"
"1095",0,0,0,"SF","second"
"1096",0,0,0,"SF","second"
"1097",0,0,0,"SF","second"
"1098",0,0,0,"SF","second"
"1099",0,10372.66496,1,"SF","second"
"1100",0,0,0,"SF","second"
"1101",0,0,0,"SF","second"
"1102",0,0,0,"SF","second"
"1103",0,18893.06832,1,"SF","second"
"1104",0,3334.07088,1,"SF","second"
"1105",0,6853.36792,1,"SF","second"
"1106",0,185.22616,1,"SF","second"
"1107",0,0,0,"SF","second"
"1108",1.700535735864,926.1308,2,"SF","second"
"1109",0,0,0,"SF","second"
"1110",0,0,0,"SF","second"
"1111",0,0,0,"SF","second"
"1112",0,0,0,"SF","second"
"1113",0.74195125458552,0,0,"SF","second"
"1114",3.3638515518888,9261.308,2,"SF","second"
"1115",146.378333366611,0,0,"SC","first"
"1116",79.2506690536021,11298.79576,4,"SC","first"
"1117",238.916696639738,1852.2616,1,"SC","first"
"1118",212.953985759813,370.45232,1,"SC","first"
"1119",298.574418289246,0,0,"SC","first"
"1120",51.3035581325101,3889.74936,3,"SC","first"
"1121",198.983435138369,3519.29704,3,"SC","first"
"1122",333.120612878422,740.90464,2,"SC","first"
"1123",191.714235907368,3148.84472,2,"SC","first"
"1124",164.417954477273,0,0,"SC","first"
"1125",66.2889581214455,0,0,"SC","first"
"1126",63.9899921372069,1481.80928,3,"SC","first"
"1127",76.089935230864,13706.73584,4,"SC","first"
"1128",32.339018338704,555.67848,2,"SC","first"
"1129",74.51006065524,2593.16624,3,"SC","first"
"1130",139.36392438192,11113.5696,2,"SC","first"
"1131",173.77892810712,0,0,"SC","first"
"1132",40.57007129532,1481.80928,2,"SC","first"
"1133",28.555032384648,0,0,"SC","first"
"1134",53.702324266248,0,0,"SC","first"
"1135",31.116736211904,5186.33248,3,"SC","first"
"1136",36.808446210984,4260.20168,1,"SC","first"
"1137",181.25093321496,370.45232,2,"SC","first"
"1138",138.97274926752,3148.84472,3,"SC","first"
"1139",94.538495515464,0,0,"SC","first"
"1140",13.503297698352,0,0,"SC","first"
"1141",54.905036428872,370.45232,1,"SC","first"
"1142",53.598085625448,0,0,"SC","first"
"1143",8.4858682370112,0,0,"SC","first"
"1144",67.947016495176,0,0,"SC","first"
"1145",27.122916753072,0,0,"SC","first"
"1146",70.104364063776,0,0,"SC","first"
"1147",190.80591778584,0,0,"SC","first"
"1148",144.59143617576,0,0,"SC","first"
"1149",131.82074557848,0,0,"SC","first"
"1150",232.7312595384,0,0,"SC","first"
"1151",344.33026922448,0,0,"SC","first"
"1152",479.63471501232,0,0,"SC","first"
"1153",129.00551768496,185.22616,1,"SC","first"
"1154",164.94128472024,185.22616,1,"SC","first"
"1155",130.63208881968,0,0,"SC","first"
"1156",168.8884545852,0,0,"SC","first"
"1157",258.2058383352,0,0,"SC","first"
"1158",220.54755578184,0,0,"SC","first"
"1159",244.48859362872,0,0,"SC","first"
"1160",242.63762920488,0,0,"SC","first"
"1161",123.6074131908,0,0,"SC","first"
"1162",34.348234952808,0,0,"SC","first"
"1163",6.4123946655048,2593.16624,3,"SC","first"
"1164",19.867077927648,0,0,"SC","first"
"1165",9.8654733730728,0,0,"SC","first"
"1166",38.029910120496,0,0,"SC","first"
"1167",27.086556521808,2037.48776,3,"SC","first"
"1168",77.481097295616,0,0,"SC","first"
"1169",212.12148689928,0,0,"SC","first"
"1170",364.69424042352,0,0,"SC","first"
"1171",295.0334622144,0,0,"SC","first"
"1172",288.96867875736,0,0,"SC","first"
"1173",194.16453162624,0,0,"SC","first"
"1174",117.85713900912,0,0,"SC","first"
"1175",263.14338737232,0,0,"SC","first"
"1176",183.02377470048,0,0,"SC","first"
"1177",190.45329976008,0,0,"SC","first"
"1178",651.87023872824,0,0,"SC","first"
"1179",67.67323874892,0,0,"SC","first"
"1180",58.508319655296,3334.07088,3,"SC","first"
"1181",64.957272941736,0,0,"SC","first"
"1182",142.40780477784,926.1308,1,"SC","first"
"1183",99.341823291984,2963.61856,2,"SC","first"
"1184",49.728646402848,926.1308,1,"SC","first"
"1185",287.9345866068,4815.88016,1,"SC","first"
"1186",283.16023268904,0,0,"SC","first"
"1187",251.9907494832,0,0,"SC","first"
"1188",13.513497393312,0,0,"SC","first"
"1189",6.2040552479136,0,0,"SC","first"
"1190",9.1598226086808,0,0,"SC","first"
"1191",7.301715035832,0,0,"SC","first"
"1192",21.629529174456,185.22616,1,"SC","first"
"1193",8.58572916695223,0,0,"SC","second"
"1194",25.1745181626222,9816.98648,4,"SC","second"
"1195",3.90179128145046,2407.94008,2,"SC","second"
"1196",7.36217132020951,1111.35696,3,"SC","second"
"1197",40.0250335186013,0,0,"SC","second"
"1198",8.71057884852727,10557.89112,2,"SC","second"
"1199",6.61757134703335,3704.5232,3,"SC","second"
"1200",43.460381728783,32044.12568,3,"SC","second"
"1201",46.944705648369,2222.71392,5,"SC","second"
"1202",0,0,0,"SC","second"
"1203",22.0372724441361,0,0,"SC","second"
"1204",24.0698139209697,4630.654,4,"SC","second"
"1205",27.0209458929467,5001.10632,7,"SC","second"
"1206",0,9076.08184,6,"SC","second"
"1207",41.854313766888,4074.97552,6,"SC","second"
"1208",29.617437095064,10002.21264,2,"SC","second"
"1209",20.165323733352,0,0,"SC","second"
"1210",10.498674919572,740.90464,1,"SC","second"
"1211",8.2380627249984,0,0,"SC","second"
"1212",3.6141520662072,0,0,"SC","second"
"1213",11.027865356928,6297.68944,3,"SC","second"
"1214",4.3131562161912,2407.94008,1,"SC","second"
"1215",2.441431490148,2593.16624,2,"SC","second"
"1216",6.1307878127328,1296.58312,3,"SC","second"
"1217",6.4166325827184,0,0,"SC","second"
"1218",0,0,0,"SC","second"
"1219",16.389497535264,185.22616,1,"SC","second"
"1220",7.865242578144,0,0,"SC","second"
"1221",0,0,0,"SC","second"
"1222",12.261277480536,0,0,"SC","second"
"1223",25.582549853448,0,0,"SC","second"
"1224",20.141718725016,0,0,"SC","second"
"1225",0,0,0,"SC","second"
"1226",28.686563615808,0,0,"SC","second"
"1227",0,0,0,"SC","second"
"1228",0,0,0,"SC","second"
"1229",48.218968255752,0,0,"SC","second"
"1230",0.56007006988968,0,0,"SC","second"
"1231",0.70908402654936,370.45232,2,"SC","second"
"1232",11.437489589904,555.67848,1,"SC","second"
"1233",35.670563757864,0,0,"SC","second"
"1234",26.897301742248,0,0,"SC","second"
"1235",0,0,0,"SC","second"
"1236",7.018169120172,0,0,"SC","second"
"1237",0,0,0,"SC","second"
"1238",0,0,0,"SC","second"
"1239",4.048455077604,0,0,"SC","second"
"1240",31.55948143236,0,0,"SC","second"
"1241",6.0098183096616,3889.74936,2,"SC","second"
"1242",3.550984570728,0,0,"SC","second"
"1243",8.3456044977816,0,0,"SC","second"
"1244",28.677473557992,0,0,"SC","second"
"1245",14.107276558368,2222.71392,2,"SC","second"
"1246",1.0925504132508,0,0,"SC","second"
"1247",5.8359381691968,0,0,"SC","second"
"1248",0,0,0,"SC","second"
"1249",42.99098570676,0,0,"SC","second"
"1250",0.56484352713096,0,0,"SC","second"
"1251",0,0,0,"SC","second"
"1252",28.791855851472,0,0,"SC","second"
"1253",20.009257192008,0,0,"SC","second"
"1254",30.53564501904,0,0,"SC","second"
"1255",0,0,0,"SC","second"
"1256",0,0,0,"SC","second"
"1257",15.334210194408,0,0,"SC","second"
"1258",5.4469475828712,2963.61856,4,"SC","second"
"1259",24.352814103408,0,0,"SC","second"
"1260",0,555.67848,2,"SC","second"
"1261",14.082483453696,370.45232,1,"SC","second"
"1262",0,3704.5232,4,"SC","second"
"1263",30.797071046784,2407.94008,1,"SC","second"
"1264",43.52585322708,0,0,"SC","second"
"1265",20.9721420216,0,0,"SC","second"
"1266",0,0,0,"SC","second"
"1267",0,0,0,"SC","second"
"1268",0,0,0,"SC","second"
"1269",0,0,0,"SC","second"
"1270",0,4260.20168,1,"SC","second"
"1271",110.028480293915,5001.10632,2,"SI","first"
"1272",37.4032244217024,370.45232,1,"SI","first"
"1273",50.54206349987,370.45232,1,"SI","first"
"1274",77.8842426728262,5742.01096,3,"SI","first"
"1275",92.2928568337798,0,0,"SI","first"
"1276",98.249262485244,7779.49872,3,"SI","first"
"1277",96.6250519161425,0,0,"SI","first"
"1278",38.1508305415142,555.67848,2,"SI","first"
"1279",31.5976514059246,185.22616,1,"SI","first"
"1280",104.193145677096,0,0,"SI","first"
"1281",139.3698648636,1852.2616,1,"SI","first"
"1282",15.055949065752,185.22616,1,"SI","first"
"1283",117.778455648,926.1308,1,"SI","first"
"1284",63.928616892336,5371.55864,1,"SI","first"
"1285",161.00140035168,1111.35696,1,"SI","first"
"1286",118.33753343328,1296.58312,3,"SI","first"
"1287",74.906795163816,0,0,"SI","first"
"1288",3.9325013585928,0,0,"SI","first"
"1289",44.02759975992,0,0,"SI","first"
"1290",85.49300252052,0,0,"SI","first"
"1291",11.1215915868456,0,0,"SI","first"
"1292",21.54158762868,370.45232,1,"SI","first"
"1293",12.050962012152,0,0,"SI","first"
"1294",15.232258078632,0,0,"SI","first"
"1295",70.675603023816,0,0,"SI","first"
"1296",118.85244990192,0,0,"SI","first"
"1297",39.76911502956,0,0,"SI","first"
"1298",41.09221721808,1296.58312,3,"SI","first"
"1299",2.261603022084,0,0,"SI","first"
"1300",6.4270889513208,185.22616,1,"SI","first"
"1301",24.41156882976,0,0,"SI","first"
"1302",34.358445856224,0,0,"SI","first"
"1303",102.376232542584,555.67848,1,"SI","first"
"1304",85.806659953224,555.67848,1,"SI","first"
"1305",198.48337389216,2407.94008,2,"SI","first"
"1306",138.58336750608,370.45232,1,"SI","first"
"1307",13.872190402224,2037.48776,2,"SI","first"
"1308",162.514205658,370.45232,1,"SI","first"
"1309",98.115562163304,185.22616,1,"SI","first"
"1310",111.905661833784,926.1308,1,"SI","first"
"1311",166.56953712336,1667.03544,1,"SI","first"
"1312",76.020478560432,5001.10632,2,"SI","first"
"1313",34.216154507304,4815.88016,2,"SI","first"
"1314",34.216154507304,4815.88016,2,"SI","first"
"1315",41.40695066256,0,0,"SI","first"
"1316",11.0053655023536,370.45232,1,"SI","first"
"1317",27.812169546336,555.67848,1,"SI","first"
"1318",265.42699819776,370.45232,1,"SI","first"
"1319",286.6052637252,555.67848,1,"SI","first"
"1320",82.754810345088,370.45232,2,"SI","first"
"1321",128.8770687792,2222.71392,1,"SI","first"
"1322",27.475445111184,2593.16624,1,"SI","first"
"1323",78.966408259368,2593.16624,2,"SI","first"
"1324",16.034637818304,20004.42528,2,"SI","first"
"1325",13.136489767296,0,0,"SI","first"
"1326",2.0321345440872,1852.2616,1,"SI","first"
"1327",80.018377897248,0,0,"SI","first"
"1328",6.2060615615376,11298.79576,1,"SI","first"
"1329",6.2060615615376,11298.79576,1,"SI","first"
"1330",26.383102614792,740.90464,1,"SI","first"
"1331",26.383102614792,740.90464,1,"SI","first"
"1332",45.5441691764632,4445.42784,3,"SI","second"
"1333",14.9224941897198,1852.2616,2,"SI","second"
"1334",10.9904024877524,185.22616,1,"SI","second"
"1335",49.4903572283135,5927.23712,4,"SI","second"
"1336",15.646116975231,0,0,"SI","second"
"1337",28.3284656050927,19448.7468,2,"SI","second"
"1338",9.04613973201251,0,0,"SI","second"
"1339",41.7303079916087,1111.35696,1,"SI","second"
"1340",20.6058616677483,185.22616,1,"SI","second"
"1341",38.043147307032,0,0,"SI","second"
"1342",40.33766396016,2778.3924,2,"SI","second"
"1343",1.5304115490048,185.22616,1,"SI","second"
"1344",12.217979215008,2407.94008,1,"SI","second"
"1345",11.605952683584,555.67848,1,"SI","second"
"1346",18.194731458624,2963.61856,3,"SI","second"
"1347",30.580411592304,5742.01096,3,"SI","second"
"1348",31.679109283248,0,0,"SI","second"
"1349",0.82036583693064,0,0,"SI","second"
"1350",48.917759445072,0,0,"SI","second"
"1351",45.771770014992,0,0,"SI","second"
"1352",4.624905969684,0,0,"SI","second"
"1353",14.391354875688,185.22616,1,"SI","second"
"1354",6.6888153656856,0,0,"SI","second"
"1355",1.1266426134432,0,0,"SI","second"
"1356",10.6995775266072,0,0,"SI","second"
"1357",8.0691938852112,0,0,"SI","second"
"1358",0,0,0,"SI","second"
"1359",18.54836945388,1852.2616,4,"SI","second"
"1360",0.445104600444,0,0,"SI","second"
"1361",4.8793031746704,740.90464,1,"SI","second"
"1362",29.561159437488,0,0,"SI","second"
"1363",9.4263664174344,0,0,"SI","second"
"1364",6.0751389495384,2037.48776,2,"SI","second"
"1365",11.655045720864,1852.2616,1,"SI","second"
"1366",13.082532260112,4630.654,2,"SI","second"
"1367",44.705789807112,2037.48776,3,"SI","second"
"1368",20.862848367144,3889.74936,1,"SI","second"
"1369",6.9295449794256,1852.2616,3,"SI","second"
"1370",14.570454794112,2407.94008,2,"SI","second"
"1371",5.2443211153032,7038.59408,2,"SI","second"
"1372",30.766909091688,3148.84472,1,"SI","second"
"1373",24.086433938112,8890.85568,4,"SI","second"
"1374",1.6554620509056,5556.7848,3,"SI","second"
"1375",1.6554620509056,5556.7848,3,"SI","second"
"1376",4.5655437450168,0,0,"SI","second"
"1377",1.1755025148384,7779.49872,1,"SI","second"
"1378",27.911061753624,926.1308,2,"SI","second"
"1379",1.6744525379064,555.67848,1,"SI","second"
"1380",0,555.67848,1,"SI","second"
"1381",11.570141666664,1667.03544,2,"SI","second"
"1382",18.601239740832,11484.02192,2,"SI","second"
"1383",5.9227700778288,4260.20168,3,"SI","second"
"1384",24.627510943056,7964.72488,3,"SI","second"
"1385",8.4763488953304,13336.28352,2,"SI","second"
"1386",5.9375091974688,0,0,"SI","second"
"1387",2.1921935374584,926.1308,1,"SI","second"
"1388",0,0,0,"SI","second"
"1389",4.74417514998,25190.75776,1,"SI","second"
"1390",4.74417514998,25190.75776,1,"SI","second"
"1391",25.934977335456,1481.80928,2,"SI","second"
"1392",25.934977335456,1481.80928,2,"SI","second"
